DROP DATABASE IF EXISTS mycip;
CREATE DATABASE mycip;
USE mycip;


DROP TABLE IF EXISTS `users`;

CREATE TABLE `users` (
  `id` int NOT NULL AUTO_INCREMENT,
  `email` varchar(255) DEFAULT NULL,
  `password` varchar(255) DEFAULT NULL,
  PRIMARY KEY (`id`)
) ENGINE=InnoDB AUTO_INCREMENT=3 DEFAULT CHARSET=utf8mb4 COLLATE=utf8mb4_0900_ai_ci;



LOCK TABLES `users` WRITE;

INSERT INTO `users` VALUES (1,'mail@gmail.com','$2a$08$3f8vm2zOfKyLlp/voZ/myewbTIMwrJhP5Rpm38UovU4QRpmPZfXIW'),(2,'martin.frin@gmail.com','$2a$08$3qoEyMxCzZy/9yOLIbNkBuoA6czsZQZ5U1EJMnN9AtU5OVcyvFUrq');

UNLOCK TABLES;



DROP TABLE IF EXISTS `ingredients`;

CREATE TABLE `ingredients` (
  `id` int NOT NULL AUTO_INCREMENT,
  `nom` varchar(255) DEFAULT NULL,
  `scoreeff` double DEFAULT NULL,
  PRIMARY KEY (`id`)
) ENGINE=InnoDB AUTO_INCREMENT=222 DEFAULT CHARSET=utf8mb4 COLLATE=utf8mb4_0900_ai_ci;

LOCK TABLES `ingredients` WRITE;

INSERT INTO `ingredients` VALUES (1,'Jaune d\'oeuf',0.018),(2,'Ail',0),(3,'Jus de citron',0.04),(4,'Huile d\'olive',0.04),(5,'Amande',0.46),(6,'Beurre',0.06),(7,'Blanc d\'oeuf',0.12),(8,'Farine de ble',0.02),(9,'Sucre blanc',0.01),(10,'Huile de poisson',0.07),(11,'Anchois',0.01),(12,'Sel',0),(13,'Huile de tournesol',0.01),(14,'Pomme de table',0.02),(15,'oeuf de poule',0.11),(16,'Fromage frais cremeux',0.04),(17,'Poire',0.02),(18,'Abricot',0.04),(19,'Carotte',0),(20,'Poireau',0.01),(21,'Oignons',0.01),(22,'Navet',0.01),(23,'Courgette',0),(24,'Lait demi ecreme',0.11),(25,'Huile combinee (olive et graines)',0.07),(26,'Miel',0),(27,'Vanille',0.02),(28,'Cassonade',0.07),(29,'Moutarde',0.02),(30,'Vin rouge',0.01),(31,'Sauce soja',0),(32,'Tomate',0),(33,'Piment',0.22),(34,'Poivre',0.03),(35,'Echalote',0),(36,'Estragon',0.01),(37,'Vin blanc',0.08),(38,'Coriandre',0.01),(39,'Ble dur',0.05),(40,'Boeuf hache',1.05),(41,'Viande de boeuf sans os',0.1),(42,'Champignon',0),(43,'Persil',0),(44,'Fraise',0.12),(45,'Chocolat noir',0.26),(46,'Poudre de cacao',0.19),(47,'Lait',0.06),(48,'Abats de boeuf',0.46),(49,'Graisse vegetale (type margarine)',0.02),(50,'Groseille',0.017),(51,'Boisson à base d\'avoine',0),(52,'Lethicine de soja',0.02),(53,'Celeri',0),(54,'Bouillon',0),(55,'Emmental',0.03),(56,'Pates',0.01),(57,'Son de ble',0),(58,'Farine de seigle',0.04),(59,'Graine de lin',0.02),(60,'Graine de sesame',0.02),(61,'Amidon de mais',0.01),(62,'Farine de riz',0.04),(63,'Chicore',0.26),(64,'Chocolat au lait',0.76),(65,'Viande',0.86),(66,'Abats de porc',0.015),(67,'Prune',0.32),(68,'Levure',0.01),(69,'Noix',0.15),(70,'Farine de sarrasin',0.017),(71,'Abats de veau',0.4),(72,'Sauce de fromage',0.04),(73,'Endive',0.01),(74,'Endive d\'hiver',0.01),(75,'Viande de poulet sans os',0.24),(76,'Parmesan',0.1),(77,'Chicore rouge',0.01),(78,'Jambon cuit',0.23),(79,'Petits pois',0),(80,'Riz non decortique',0.03),(81,'Viande de porc maigre',0.04),(82,'Morue',1.21),(83,'Choufleur',0.04),(84,'Celeri-rave',0),(85,'Fromage a pate dure',0.03),(86,'Fromage fondu',0.05),(87,'Gruyere',0.06),(88,'Fromage de Cheddar',0.06),(89,'Salade verte',0.01),(90,'Chataigne',0.22),(91,'Framboises',0.03),(92,'Olives',0),(93,'Lait de coco ou creme de coco',0),(94,'Grain de mais',0.01),(95,'Haricot rouge',0),(96,'Gingembre',0.02),(97,'Puree de pomme de terre',0),(98,'Crevette',0.06),(99,'Haricot',0.01),(100,'Orange',0.03),(101,'Lait concentre',0.09),(102,'Fructose',0.01),(103,'Cacahuete',0.21),(104,'Graisse de porc',0.06),(105,'Eau de Vie',0.01),(106,'Café',1.35),(108,'Chou blanc',0.09),(109,'Huile de lin',0.06),(110,'Pommes de terre',0.01),(111,'Abats de poulet',0.01),(112,'Pois chiches',0),(113,'Viande avec os',1.05),(114,'Merguez',0.17),(115,'Concentré de tomates 30°Brix',0),(116,'Viande de mouton sans os',1.14),(117,'Saumon',0.12),(118,'Epinard',0),(119,'Coquille Saint-Jacques',0.03),(120,'Haricot vert',0.03),(121,'Haricot mungo',0.01),(122,'Aubergines',0.11),(123,'Fêves',0.01),(124,'Lieu ou colin d\'alaska',1.31),(125,'Moule',0.05),(126,'Lait écrémé',0.09),(127,'Pamplemousse/pomelos',0.02),(128,'Ananas',0.02),(129,'Pêche',0.17),(130,'Raisin de table',0),(131,'Pomme',0),(132,'Jus de fruits mélangé',0),(133,'Cerises',0.36),(134,'Boisson à base de soja',0.02),(135,'Roquefort',0.1),(136,'Fond de veau pour la sauce et la cuisson',1.31),(137,'Avocat',0.09),(138,'Pain pour hamburger/hot-dog',0.1),(139,'Yaourt',0.02),(140,'Ciboulette ou oignon de printemps',0.01),(141,'Anchois commun',0.03),(142,'Thon',0.23),(143,'Fromage',0.2),(144,'Sirop',0.02),(145,'citron',0.01),(146,'Tomme',0.03),(147,'Huile de soja',0),(148,'Basilic',0),(149,'Cannelle',0.11),(150,'Clous de girofle',0.01),(151,'Noix de muscade',0.01),(152,'Lentilles',0.01),(153,'Mélange de chicoré et de café',0.18),(154,'Noix de cajou',0.14),(155,'Raisin',0.04),(156,'Viande d\'agneau sans os',2.94),(157,'Huile de palme',0.11),(158,'Graines de tournesol',0.08),(159,'Sauce au curry',0),(160,'Viande de veau sans os',1.69),(161,'Saucisse sèche',0.36),(162,'Fruit de mer',0),(163,'Huile d\'arachide',0.11),(164,'Fromage de mozzarella',0.12),(165,'Grain de maïs séché',0.06),(166,'Manioc',0.01),(167,'Frites',0.02),(168,'Concombre',0.08),(169,'Comté',0.03),(170,'Origan',0.02),(171,'Herbes de Provences',0.03),(172,'Romarin',0.01),(173,'Thym',0),(174,'Sarrasin',0),(175,'Millet',0),(176,'Noix de coco',0.05),(177,'Menthe',0.01),(178,'Mélange de céréales et légumineuses',0),(179,'Graines de pavot',0.01),(180,'Camembert',0.18),(181,'Pignon de pain',0.1),(182,'Choucroute',0.07),(183,'Bière',0.02),(184,'Fruits confits',0.02),(185,'Escargot',0.01),(186,'Asperges',0.04),(187,'Lotte',0.37),(188,'Baie',0),(189,'Congre',0.17),(190,'Fenouil',0),(191,'Poisson Saint-Pierre',0.17),(192,'Homard de norvège',0.14),(193,'Grondin rouge',0.12),(194,'Safran',0),(195,'Rascasse',0.17),(196,'Potiron',0.03),(197,'Cresson de jardin',0.01),(198,'Graine de soja',0.02),(199,'Salade',0.01),(200,'Calamar',0.27),(201,'The',0.03),(202,'Chou vert',0.04),(203,'Patate douce',0.02),(204,'Grenade',0.01),(205,'Reblochon',0.1),(207,'Sole au citron',0.19),(208,'Brocoli',0.01),(209,'Cacao',1.07),(210,'Avoine',0.04),(211,'Eau',0.04),(212,'Poivron jaune',0.13),(213,'Poivron rouge',0.13),(214,'Lardon',0.85),(215,'chapelure',0.1),(216,'sauce nuoc mam',0.15),(217,'Vinaigre',0.18),(218,'baguette',0.12),(219,'saucisson',0.84),(220,'Noisette',0.62),(221,'Mayonnaise',0.57);

UNLOCK TABLES;

DROP TABLE IF EXISTS `recettes`;

CREATE TABLE `recettes` (
  `id` int NOT NULL AUTO_INCREMENT,
  `nom` varchar(255) DEFAULT NULL,
  `categorie` varchar(255) DEFAULT NULL,
  `score` double DEFAULT NULL,
  `nbr_personnes` int DEFAULT NULL,
  `tps_preparation` int DEFAULT NULL,
  `tps_cuisson` int DEFAULT NULL,
  `source` varchar(255) DEFAULT NULL,
  `outils` varchar(255) DEFAULT NULL,
  `preparation` text,
  `lien_image` text,
  PRIMARY KEY (`id`)
) ENGINE=InnoDB AUTO_INCREMENT=39237 DEFAULT CHARSET=utf8mb4 COLLATE=utf8mb4_0900_ai_ci;


LOCK TABLES `recettes` WRITE;

INSERT INTO `recettes` VALUES (1,'Poires rôties au miel','Petit-déjeuner',0.07,2,10,30,'https://www.cuisineactuelle.fr/recettes/poires-roties-au-miel-et-aux-noisettes-186983','Four','Coupez les poires en deux et déposez-les sur une plaque à four recouverte de papier cuisson. Arrosez de miel et parsemez de beurre en lamelles et de noisettes grossièrement concassées. Préchauffez le four à 180 °C. Enfournez 30 min. Servez tiède.','https://odelices.ouest-france.fr/images/recettes/poires_roties_a_la_vanille.jpg'),(2,'Pancakes','Petit-déjeuner',0.11,2,5,10,'https://www.marmiton.org/recettes/recette_pancakes-faciles-et-rapides_81518.aspx','Poêle','Battre grossièrement l\'oeuf et le sucre dans un saladier. Y rajouter le beurre fondu ou l\'huile. Mélanger à part la farine et la levure, puis en mélanger la moitié avec la préparation. Délayer progressivement avec le lait tout en rajoutant l\'autre moitié de farine petit à petit (cela évitera de créer des grumeaux). Aucun temps de repos n\'est nécessaire, si ce n\'est juste le temps de faire chauffer votre poêle à feu moyen. Huilez ou beurrez la poêle à l\'aide de papier essuie-tout. A l\'aide d\'une petite louche ou d\'une grosse cuillère à sauce, déposer des \"ronds\"\" dans la poêle. Lorsque les bulles apparaissent et éclatent, retourner les pancakes et ne pas les laisser plus d\'une min sur l\'autre face.\"','https://assets.afcdn.com/recipe/20211222/126211_w1024h768c1cx1075cy827.jpg'),(3,'Gaufres','Petit-déjeuner',0.22,3,15,2,'https://www.marmiton.org/recettes/recette_gaufres-faciles-et-legeres_87278.aspx','Gaufrier','Mettre la farine dans un saladier, y ajouter le sucre, les jaunes d\'œufs et le beurre ramolli. Délayer peu à peu le tout en y ajoutant le lait pour qu\'il n\'y ait pas de grumeaux. Battre les blancs en neige avec une pincée de sel et les ajouter au restant en remuant délicatement. Cuire le tout dans un gaufrier légèrement beurré. Bon appétit !!','https://odelices.ouest-france.fr/images/recettes/gaufres.jpg'),(4,'Brioche','Petit-déjeuner',0.4,6,15,35,'https://www.marmiton.org/recettes/recette_brioche_16881.aspx','Four','A préparer la veille au soir. Mélanger la farine,le sel, le sucre, les oeufs entiers, le beurre fondu, la levure délayée dans l\'eau fraîche. Bien travailler la pâte en la battant (si elle colle rajouter un peu de farine). Elle doit rester souple. Placer le récipient couvert et bien fermé dans le réfrigérateur. Le lendemain matin, fariner le plan de travail, travailler la pâte en boule, puis l\'étaler avec un rouleau à pâtisserie pour former un carré, la plier en quatre et l\'étaler à nouveau. Rouler ensuite en boudin et couper en 8 morceaux.Les mettre dans un grand moule à cheminée beurré et fariné. Laisser lever dans un endroit tiède environ une heure. Lorsque la pâte remplit le moule, enfourner à four chaud (faites préchauffer le four une dizaine de minutes avant), soit 250°C (thermostat 8). Sortez la brioche une fois qu\'elle est bien dorée.','https://assets.afcdn.com/recipe/20200504/110590_w1024h768c1cx960cy540.jpg'),(2013,'Jus d\'orange','Boisson',0.27,1,2,0,'-','-','Presser','https://www.consoglobe.com/wp-content/uploads/2019/01/jus-d-orange-presse_289335989_ban.jpg'),(4041,'Aligot','Plat',0.37,1,40,20,'https://www.marieclaire.fr/cuisine/aligot,1206593.asp','Marmite','Coupez la tome en fines lamelles, réservez. Pelez les pommes de terre et l’ail. Mettez-les dans un faitout, recouvrez d’eau froide et jetez une cuillerée à soupe de gros sel. Portez à ébullition, puis comptez environ 20 min de cuisson. Dans une autre marmite, mettez doucement à chauffer la crème et le beurre. Passez les pommes de terre et l’ail au moulin à légumes, au-dessus de cette marmite. Mélangez bien cette purée épaisse puis poivrez. Toujours sur feu très doux, incorporez la tome à la purée. Remuez dans le sens des aiguilles d’une montre en soulevant légèrement (il est important de remuer dans le même sens). La tome doit fondre petit à petit et se mettre à filer. Une fois la tome complètement fondue, étirez et faites filer l’aligot encore et encore. Servez aussitôt.','https://odelices.ouest-france.fr/images/recettes/cniel_aligot.jpg'),(7650,'Croissant aux amandes','Petit-déjeuner',0.55,5,15,15,'https://www.ptitchef.com/recettes/gouter/croissants-aux-amandes-faciles-fid-1564399','Four','Préparation de la crème d\'amande: Dans un bol, battre le beurre ramolli pour qu\'il devienne pommade. Rajouter le sucre, puis les œufs et battre. Rajouter au mélange la poudre d\'amande et mélanger avec une spatule. Préparer le sirop rapide en mélangeant l\'eau chaude et le sucre. Couper un croissant en deux, et appliquer le sirop (mélange d\'eau chaude + 25gr de sucre) avec un pinceau. Cette étape permet au croissant de devenir croustillant après la cuisson. Puis appliquer de la crème d\'amandes et refermer le croissant. Badigeonner du sirop sur le dessus du croissant et appliquer une fine couche de crème d\'amandes. Déposer quelques amandes effilées sur le dessus pour décorer. Faire cuire 15 minutes à 200°C, et voilà c\'est prêt ! ','https://www.cuisineactuelle.fr/imgre/fit/http.3A.2F.2Fprd2-bone-image.2Es3-website-eu-west-1.2Eamazonaws.2Ecom.2Fcac.2F2018.2F09.2F25.2F45217c88-5c6b-4d16-9ee2-ca5b5e80529a.2Ejpeg/750x562/quality/80/crop-from/center/cr/wqkgUmlvdS8gU3VjcsOpIFNhbMOpIC8gQ3Vpc2luZSBBY3R1ZWxsZQ%3D%3D/croissants-aux-amandes.jpeg'),(9816,'Confiture de lait','Dessert',0.24,1,5,120,'https://lacuisinedannie.20minutes.fr/recette-confiture-de-lait-231.html','Casserole','C\'est la méthode classique, simple mais plus longue car il faut surveiller la cuisson et mélanger souvent. Verser le lait entier dans une casserole et ajouter la gousse de vanille fendue et le sucre. Porter très doucement à ébullition, en remuant sans arrêt. Baisser ensuite le feu et laisser à peine frémir pour faire réduire en remuant de temps en temps pendant la 1 ère heure. La confiture va changer de couleur et va épaissir. Baisser ensuite le feu et laisser à peine frémir pour faire réduire en remuant de temps en temps pendant la 1 ère heure. La confiture va changer de couleur et va épaissir. Mélanger alors sans cesse pendant environ 30/35 mn jusqu\'à obtenir la consistance d\'une béchamel ayant une couleur caramel. Verser alors dans des pots, laisser refroidir et garder au frais.','https://www.academiedugout.fr/images/18125/948-580/fotolia_54164077_subscription_xxl.jpg?poix=50&poiy=50'),(13038,'Compote de pomme','Dessert',0.12,1,10,15,'https://www.marmiton.org/recettes/recette_compote-de-pomme-simple_82104.aspx','Casserole','Peler vos pommes, les couper en huitième et les épépiner. Dans une casserole porter à ébullition l\'eau, le sucre et les gousses de vanille fendues et grattées. Quand l\'eau est portée à ébullition y ajouter les pommes. Faire cuire à feu doux en remuant de temps en temps.','https://www.papillesetpupilles.fr/wp-content/uploads/2019/01/Compote-de-pommes-au-jus-dorange-et-vanille.jpg'),(15013,'Crème de marrons','Dessert',0.38,1,20,40,'https://www.undejeunerdesoleil.com/2020/10/creme-marrons-maison.html','Four','Stériliser deux pots de 300 g environ ou les pots avec les couvercles, deja lavés et essuyés, dans le four a 130°C pendant dix minutes. Éteindre et laisser dans le four. On peut aussi les mettre dans l\'eau bouillante. Si on utilise des marrons surgelés, decongelés : les pocher dans de l\'eau bouillante pendant 10 minutes jusqu\'à ce qu ils deviennent tendres. Dans une large casserole ou une bassine a fond épais, réaliser un sirop avec le sucre et l\'eau, porter à frémissement (le sucre doit fondre) puis ajouter les marrons. Laisser cuire 20-25 minutes environ, le temps que les marrons cuisent et s\'imbibent de sucre (il devra y avoir peu de liquide). Si on utilise des marrons déjà cuits en boîte ou en bocal, les passer au moulin à légumes voire un presse-purée. Dans une casserole, verser la purée, le sucre et l\'eau. Porter à ébullition et cuire à feu moyen (petit bouillon) pendant un quart d heure environ. Le mélange doit confire en s\'épaississant. Passer rapidement au mixeur pour lisser. Dans les deux cas, à la fin mélanger pour que ce ne soit pas trop dense. Mettre dans les pots, couvrir et faire le vide en les renversant le temps qu\'ils refroidissent. Eventuellement le replacer au four a 130°C pendant quelques minutes.','https://www.aux-fourneaux.fr/wp-content/uploads/2013/11/cr%C3%A8me-de-marrons-maison-facile.jpg'),(19659,'Fromage blanc à l\'abricot','Dessert',0.2,1,10,0,'https://www.cuisineaz.com/recettes/fromage-blanc-aux-abricots-facon-charlotte-65745.aspx','-','Lavez les abricots, découpez-en 8 en dès. Gardez les 2 autres pour la décoration. Coupez les boudoirs en morceaux. Répartissez-les au fond de vos récipients.  Dans une poêle, faites chauffer les morceaux d\'abricots avec 2 c. à soupe de sucre. Battez le fromage blanc avec le sucre, ajoutez les abricots. Versez sur les boudoirs. Décorez de lamelles d’abricots. Servez très frais.','https://www.fourchette-et-bikini.fr/sites/default/files/styles/article_960x540/public/migration-images/9820d7315a5f5b24f364b070e2d0f62c.jpg?itok=SKm5hUhN'),(20135,'Fondue de poireau','Plat',0.39,2,10,60,'https://cuisine.journaldesfemmes.fr/recette/323719-fondue-de-poireaux-la-meilleure-recette','Casserole','Coupez les poireaux en deux et recoupez-les en tronçons. Lavez-les soigneusement. Faites fondre le beurre dans une casserole, ajoutez les poireaux, mélangez, couvrez et faites cuire à feu très doux pendant 25 minutes environ, en remuant de temps en temps. Après 25 minutes de cuisson, ajoutez le jus de citron, la moutarde et la crème aux poireaux, salez légèrement, poivrez et mélangez bien. Couvrez et laissez cuire encore 10 minutes à feu doux.','https://www.academiedugout.fr/images/50087/948-580/img_9544.jpg?poix=50&poiy=50'),(22502,'Oeuf brouillé','Entrée',0.74,1,3,6,'https://www.lesoeufs.ca/recettes/oeufs-brouilles-simples','Poêle','Dans un petit bol, fouetter les oeufs, le sel et le poivre. Faire fondre le beurre dans une poêle antiadhesive à feu moyen. Verser le mélange d\'oeufs dans la poêle et réduire le feu à moyen-doux. Quand les oeufs commencent à prendre, les décoller doucement des parois et du fond de la poêle pour former de gros grumeaux tendres. Cuire jusqu\'à ce que les oeufs épaississent et qu\'il ne reste plus de liquide visible, mais sans que les oeufs soient secs.','https://fac.img.pmdstatic.net/fit/http.3A.2F.2Fprd2-bone-image.2Es3-website-eu-west-1.2Eamazonaws.2Ecom.2Ffac.2F2018.2F07.2F30.2F74b3ca38-d2ba-4bc1-afbc-f0f4757f0762.2Ejpeg/750x562/quality/80/crop-from/center/cr/wqkgVGhpbmtzdG9jayAvIEdldHR5aW1hZ2VzIC8gRmVtbWUgQWN0dWVsbGU%3D/oeufs-brouilles-nature.jpeg'),(22505,'Œuf au plat','Petit-déjeuner',0.58,1,2,3,'https://cuisine.journaldesfemmes.fr/recette/310820-oeuf-au-plat','Poêle','Beurrer une petite poêle. Faire chauffer sur feu moyen. Lorsque le beurre est fondu, casser délicatement les oeufs dans la poêle sans crever le jaune. Saler le blanc mais pas le jaune qui se tacherait de petits points blancs. Laisser cuire 2 ou 3 minutes en étalant légèrement le blanc avec une spatule. Poivrer. Faire glisser les oeufs sur les assiettes à l\'aide de la spatule.','https://assets.afcdn.com/recipe/20170112/3678_w1024h1024c1cx1500cy1073.webp'),(22506,'Omelette au fromage','Plat',0.56,1,15,8,'https://www.cuisineaz.com/recettes/omelette-au-fromage-35407.aspx','Poêle','Cassez les oeufs dans une terrine puis fouettez-les avec la crème et la ciboulette. Salez et poivrez à votre convenance. Faites chauffer le beurre dans une grande poêle et versez le mélange. Faites cuire à feu très vif, puis baissez le feu, ajoutez le fromage râpé et laissez cuire encore quelques minutes. Pliez ensuite votre omelette à l\'aide d\'une spatule et faites-la dorer sur les deux faces. Servez bien chaud avec une salade verte bien assaisonnée.','https://www.duracuire.com/wp-content/uploads/Omelette-au-fromage-1140x641.jpg'),(22507,'Omelette aux lardons','Plat',0.7,1,5,5,'https://www.cuisineaz.com/recettes/omelette-aux-lardons-81464.aspx','Poêle','Battez les œufs en omelette. Assaisonnez-les avec un peu de poivre. Prenez une poêle et faites-y rissoler les lardons à feu vif. Ensuite, enlevez l\'excédent de graisse et incorporez les œufs battus. Remuez avec une cuillère en bois et cuisez à feu doux. Rincez et coupez la ciboulette en petits brins, puis ajoutez-la dans la poêle. Quand l\'omelette est presque cuite, repliez-la et rectifiez l\'assaisonnement. ','https://www.cuisineactuelle.fr/imgre/fit/http.3A.2F.2Fprd2-bone-image.2Es3-website-eu-west-1.2Eamazonaws.2Ecom.2Fcac.2F2018.2F09.2F25.2F5013ec7a-dea3-4ba9-98f5-99653b7561ff.2Ejpeg/750x562/quality/80/crop-from/center/cr/wqkgVmllbC8gU3VjcsOpIFNhbMOpIC8gQ3Vpc2luZSBBY3R1ZWxsZQ%3D%3D/omelette-aux-lardons.jpeg'),(22509,'Omelette aux fines herbes','Plat',0.55,1,20,10,'https://cuisine.journaldesfemmes.fr/recette/1002412-omelette-aux-fines-herbes','Poêle','Enlevez les feuilles des branches du cerfeuil, du persil et de l’estragon et coupez les bouts de la ciboulette. Faites blanchir les herbes séparément dans de l’eau bouillante salée, puis rafraîchissez-les immédiatement dans de l’eau glacée. Pressez les pour bien extraire l’excédent d’eau et hachez finement. Faites chauffer un grand plat et appliquez du beurre fondu au centre. Assaisonnez légèrement et mettez de côté dans un endroit chaud. Cassez les œufs dans un grand saladier, assaisonnez et battez bien. Ajoutez les herbes hachées. Faites chauffer le beurre dans la poêle à frire à feu moyen. Une fois que le beurre est chaud, verser les œufs dans la poêle. Mélangez délicatement à la fourchette en soulevant le fond afin que les œufs crus puissent toucher le fond de la poêle. Les œufs ne doivent pas se solidifier trop rapidement ou prendre trop de couleur. Une fois que les œufs sont presque solidifiés, c’est-à-dire quand ils ne peuvent plus être mélangés, donnez un bon coup à la poêle. Penchez la poêle presque jusqu’à la verticale ; à l’aide de la fourchette, pliez l’omelette en deux et glissez-la dans le plat préparé. Couvrez d’un torchon propre, et pressez le long des côtés, en formant des points à chaque extrémité.','https://img.mesrecettesfaciles.fr/wp-content/uploads/2018/02/omelettefromageherbes-1000x500.jpg'),(23122,'Kouign-Amann','Dessert',0.21,4,240,35,'http://www.recettes-bretonnes.fr/gateaux-bretons/recette-kouign-amann.html','Four','Pensez tout d’abord à sortir le beurre demi-sel ou salé* du réfrigérateur afin qu’il ramollisse. Commencez par réaliser la pâte du kouign-amann : mélangez la levure de boulanger fraîche (surtout pas de la levure chimique !) et 3 cuillères à soupe d’eau tiède non brûlante dans une tasse, puis, dans un saladier, mélangez la farine de blé et ajoutez 2 pincées de sel (attention, le sel et la levure boulangère ne doivent pas être en contact, ceci risquerait de tuer la levure et empêcher votre pâte de gonfler). Formez un puits et versez-y votre mélange de levure et 10 cl d’eau. Farinez votre plan de travail et travaillez votre pâte à kouign-amann jusqu’à l’obtention d’une pâte souple. Laissez la pâte reposer en boule dans le saladier à température ambiante pendant 3 h. Au bout des 3 heures de repos, la pâte aura triplé de volume : sur votre plan de travail fariné, à l\'aide d\'un rouleau à pâtisserie, abaissez-la pâte (cette étape peut-être assez longue car la pâte est relativement élastique) et donnez lui une forme rectangulaire ou carrée d\'environ 1 cm de hauteur. Etalez le beurre demi-sel bien mou au pinceau et saupoudrez de sucre en poudre. Prenez soin de ne pas étaler le beurre et le sucre sur les rebords de la pâte et de laisser un espace de 3 cm environ tout autour. Repliez la pâte à kouign-amann en 3 dans la longueur puis de nouveau en 3 dans la largeur, à la manière d\'une pâte feuilletée, le but étant de bien \"emprisonner\"\" le beurre et le sucre. Avec votre rouleau à pâtisserie, étalez de nouveau la pâte très délicatement en faisant attention à ce que le beurre ne ressorte pas. Avec votre rouleau à pâtisserie, étalez de nouveau la pâte très délicatement en faisant attention à ce que le beurre ne ressorte pas. Repliez la pâte encore une fois en 3 dans la longueur puis dans la largeur. Tassez votre pâton dans un moule beurré et laissez le reposer pendant une demie-heure. Repliez la pâte encore une fois en 3 dans la longueur puis dans la largeur. Avec un couteau, tracez un quadrillage sur la pâte et parsemez quelques morceaux de beurre supplémentaires. Préchauffez le four thermostat 7. Puis, faites cuire le kouign-amann pendant 35 mn environ. Une fois votre kouign-amann cuit, sortez-le du four et patientez un quart d’heure avant de procéder au démoulage. Sapoudrez votre kouign-amann avec un peu de sucre en poudre et dégustez-le encore tiède !\"','http://www.recettes-bretonnes.fr/wp-content/Photos/kouign-amann.jpg'),(23494,'Tarte aux abricots','Petit-déjeuner',0.25,1,15,30,'https://cuisine.journaldesfemmes.fr/recette/352803-tarte-fine-aux-abricots','Four','Coupez une pâte feuilletée en deux. Faire fondre le beurre. Préchauffer le four (thermostat 6/180°c). Dérouler la pâte sur un tapis en silicone ou sur une plaque recouverte de papier sulfurisé. La beurrer au pinceau puis la poudrer de sucre roux. Ranger les oreillons d’abricots très serrés en commençant par le bord extérieur de la pâte, côté bombé contre le fond de tarte. Le jus ne coulera pas et la pâte restera plus roustillante. Saupoudrer de sucre en poudre. Enfourner pour 30 mn environ. Les abricots doivent être légèrement caramélisés. ','https://img.cuisineaz.com/660x660/2015/07/07/i5206-tarte-normande-aux-abricots.jpg'),(23499,'Tartelettes aux fruits','Petit-déjeuner',0.5,1,45,30,'https://www.recette360.com/mini-tartelette-aux-fruits/','Four','Tamisez d’abord la farine dans un grand saladier, ajoutez en dessus le beurre et mélangez le tout à la main pour avoir une chapelure. Ensuite versez en dessus l’eau et mélangez pour avoir une pâte – n’hésitez pas d’ajouter plus d’eau froide. Formez une boule avec votre pâte, filmez-la puis mettez-la au frigo pour une durée de 30 minutes. Faites d’abord chauffer le lait dans une casserole à feu bas – ne pas porter à ébullition. Pendant ce temps fouettez les jaunes d’oeufs avec le sucre dans un saladier puis tamisez en dessus la farine et mélangez le tout. Après ajoutez le lait chaud lentement au mélange tout en fouettant. Remettez votre mélange dans la casserole puis portez doucement à ébullition en fouettant continuellement jusqu’à ce qu’il soit épais et crémeux. Retirez la casserole du feu et laissez-la refroidir. Chauffez votre four à 180° et beurrez vos moules à mini tartes. Farinez un plan de travail, abaissez votre pâte avec le rouleau, étalez-la dans les moules et piquez le fond avec une fourchette. Ensuite déposez en dessus des morceaux de papier sulfurisé avec un poids – haricots secs – et mettez au four pour 12 minutes. Après retirez les haricots et le papier sulfurisé puis remettez au four pour une autre cuisson de 12 minutes, jusqu’à ce que la pâte soit dorée. Une fois votre pâte est cuite laissez-les refroidir complètement. Après remplissez-les avec la crème pâtissière et lissez la surface avec une cuillère ou une spatule. Ensuite disposez en dessus votre sélection de tranches de fruits.','https://cdn.pratico-pratiques.com/app/uploads/sites/2/2021/04/29114942/tartelettes-aux-fruits.jpg'),(23589,'Gâteau au fromage blanc','Dessert',0.31,1,10,30,'https://www.ptitchef.com/recettes/dessert/gateau-au-fromage-blanc-super-facile-fid-1507834','Four','Allumer le four sur 180°C. Mélanger dans une saladier le fromage blanc et le sucre. Séparer les blancs des jaunes d\'oeufs. Incorporer les jaunes d’œufs au mélange fromage blanc / sucre. Ajouter la farine et mélanger. Montez les blancs en neige très ferme, et les incorporer délicatement au mélange. Verser la préparation fromage blanc, sucre oeuf dans un moule à charnière de 20cm de diamètre environ, préalablement beurré ou tapissé de graisse à la bombe. Mettre le gâteau au four à 180°C pendant 30min. Sortir du four et laisser refroidir 1h avant de démouler','https://www.ptitchef.com/imgupl/recipe/gateau-au-fromage-blanc--432148p708264.jpg'),(23801,'Galette de sarrasin nature','Dessert',0.11,3,5,0,'https://www.cuisine-libre.org/pate-a-galette-de-sarrasin','-','Dans un saladier, mettre la farine et former un puits. Dans celle-ci, inclure l\'oeuf, une pincée de sel et l\'huile. Mélangez à l\'aide d un fouet ou d\'une fourchette et incorporer l\'eau petit à petit jusqu\'à obtenir une pate liquide. Vous pouvez vous servir de la pâte de suite ou la laisser reposer quelques heures pour gagner en élasticité.','https://www.platetrecette.fr/wp-content/uploads/2017/09/galettes-de-sarrasin-weight-watchers.jpg'),(24664,'Financier','Dessert',0.86,2,10,15,'https://www.cuisine-libre.org/financiers','Four','Préchauffer le four a 200°C (thermostat 6-7). Beurrer le moule. Mélanger dans un récipient la poudre d\'amandes, le sucre, la farine et l\'extrait de vanille. Faire fondre le beurre à feu très doux, dans une casserole a fond épais. L\'ajouter au mélange précédent. Monter les blancs en neige ferme avec une pincée de sel. Les incorporer délicatement a la pâte. Verser la pâte dans de petits moules rectangulaires, en forme de lingots. Enfourner et laisser cuire 15 à 20 min. Démouler les financiers a la sortie du four et les laisser tiédir sur une grille.','https://assets.afcdn.com/recipe/20160405/62840_w1024h768c1cx2114cy1284.jpg'),(25020,'soufflé au fromage','Entrée',0.37,1,15,35,'https://www.marmiton.org/recettes/recette_souffle-au-fromage_69641.aspx','Four','Préchauffer le four à 180°C (thermostat 6). Beurrer le moule. Chauffer le beurre dans une casserole, ajouter la farine et remuer rapidement pendant 1 min. Ajouter le lait tiédi, remuer au fouet pendant quelques minutes à feu doux. Retirer la casserole du feu. Séparer les blancs et les battre fermement (avec une pincée de sel). Dans la casserole refroidie, ajouter les jaunes d\'oeufs un à un, puis le fromage râpé. Mettre une pincée de muscade, poivrer. Saler peu car le fromage contient déjà du sel. Incorporer les blancs d\'oeufs battus en mélangeant délicatement. Verser dans le moule, au maximum jusqu\'à 4 cm du bord. Enfourner pendant 35 minutes en position chaleur tournante.','http://www.lesfoodies.com/_recipeimage/254186/endives-au-jambon-10.jpg'),(25073,'endive au jambon','Plat',0.46,1,30,60,'https://www.marmiton.org/recettes/recette_endives-au-jambon_25868.aspx','Casserole','Cuire les endives à l\'eau bouillante pendant 45 min puis bien les égoutter. Disposer les endives cuites sur les tranches de jambon puis rouler le tout. Mettre les endives entourées de jambon dans un plat allant au four. Faire une sauce Mornay en mélangeant le beurre, la farine, le lait et le fromage. Saler et poivrer. Napper de sauce les endives au jambon et recouvrir de fromage râpé. Gratiner pendant 10 à 15 min au four à 200°C (thermostat 6-7).','https://www.google.com/imgres?imgurl=https%3A%2F%2Fimg.cuisineaz.com%2F660x660%2F2018%2F03%2F19%2Fi137459-endives-au-jambon-blanc-et-a-la-bechamel.jpeg&imgrefurl=https%3A%2F%2Fwww.cuisineaz.com%2Frecettes%2Fendives-au-jambon-blanc-et-a-la-bechamel-56216.aspx&tbnid=lrppoRQicwaZPM&vet=12ahUKEwiF2eHnhb74AhVpXfEDHaxuBBQQMygBegUIARD2AQ..i&docid=401aMIJIL5oVrM&w=660&h=660&q=endive%20au%20jambon&client=firefox-b-d&ved=2ahUKEwiF2eHnhb74AhVpXfEDHaxuBBQQMygBegUIARD2AQ'),(25088,'Riz cantonais','Plat',0.35,1,20,30,'https://www.marmiton.org/recettes/recette_riz-cantonais-facile_27686.aspx','Poêle','Faire cuire le riz et le rincer à l\'eau froide. Couper le jambon en dés, émincer finement les oignons. Mettre à chauffer 1 cuillère d\'huile dans une poêle et faire revenir l\'oignon avec les petits pois (3 mn). Verser le mélange dans un plat. Faire une omelette et la couper en lanières. Mettre à chauffer 1 cuillère d\'huile et faire revenir 1 mn les crevettes. Ajouter le riz, petits pois, oignons, jambon, omelette. Saler et poivrer. Faire chauffer 3 mn en remuant sans cesse. Servir très chaud','https://i2.wp.com/www.programme-malin.com/wp-content/uploads/2020/12/riz-cantonnais.jpg?fit=1920%2C1080&ssl=1'),(25135,'pates carbonara','Plat',0.34,1,10,10,'https://www.marmiton.org/recettes/recette_pates-a-la-carbonara_80453.aspx','Casserole','ÉTAPE 1 Cuire les pâtes dans un grand volume d\'eau bouillante salée. ÉTAPE 2 Emincer les oignons et les faire revenir à la poêle. Dès qu\'ils ont bien dorés, y ajouter les lardons. ÉTAPE 3 Préparer dans un saladier la crème fraîche, les oeufs, le sel, le poivre et mélanger. ÉTAPE 4 Retirer les lardons du feu dès qu\'ils sont dorés et les ajouter à la crème. ÉTAPE 5 Une fois les pâtes cuite al dente, les égoutter et y incorporer la crème. Remettre sur le feu si le plat a refroidi. ÉTAPE 6 Servir et bon appétit ! Vous pouvez également agrémenter votre plat avec des champignons.','https://static.750g.com/images/1200-630/f6ad72f2ac5f330143bd9bc27566dee6/comment-realiser-des-pates-carbonara-comme-en-italie.jpg'),(25139,'Lasagnes au poisson','Plat',0.57,2,25,25,'https://cuisine.journaldesfemmes.fr/recette/1005360-lasagnes-au-poisson','Four','Préparation du poisson : Faire revenir dans l\'huile d\'olive l\'oignon et l\'ail préalablement hachés. Incorporer le poisson coupé en morceaux et laisser cuire pendant une dizaine de minutes. Ajouter la crème fraîche, le persil. Saler, poivrer et bien mélanger. Préparation de la béchamel : Faire fondre le beurre, puis ajouter la farine. Bien mélanger pour obtenir un roux. Ajouter le lait petit à petit. Remuer sans cesse, jusqu\'à ce que le mélange s\'épaississe et nappe la cuillère. Saler, poivrer et saupoudrer de muscade. Montage : Étaler un tiers de la béchamel au fond du plat, couvrir de pâte à lasagne, puis ajouter une couche de préparation au poisson puis la béchamel. Renouveler cette opération jusqu\'à épuisement des ingrédients en terminant par une couche de béchamel et de fromage. Enfourner 25 min à 200 °C. ','https://www.avosassiettes.fr/wp-content/uploads/2014/07/lasagnes_de_poisson.jpg'),(25149,'Pates farcies fromage et basilic','Plat',0.37,2,30,5,'http://passion-cuisine-de-sylvie.over-blog.com/2016/07/ravioles-aux-fromages.html','Casserole','Mélanger la farine et le sel dans un bol. Ajouter l\'œuf puis l\'eau et mélanger. Verser sur le plan de travail et travailler la pâte jusqu\'à ce qu\'elle soit lisse. Ajouter l\'huile, travailler de nouveau la pâte pour la faire absorber puis filmer et mettre au frais. Hacher le persil très fin et le faire dorer quelques minutres dans une poêle avec le beurre sur feu moyen. Râper les fromage, ajouter le fromage de chèvre, les œufs, du poivre et le persil refroidi. Bien malaxer. Bien vérifier l\'assaisonnement pour le sel (avec le fromage, il n\'est pas forcément nécessaire). Prélever un peu de pâte et la passer au laminoir en commençant du cran le plus épais jusqu\'au plus fin en ajoutant de la farine jusqu\'à ce que la pâte ne colle plus. Etaler la pâte sur le moule à ravioles. Garnir les alvéoles avec la farce. Recouvrir d\'une seconde couche de pâte. Former les ravioles en scellant les pâtes avec le rouleau. Garder lesplaques de ravioles entières. Elles se décolleront à la cuisson. Porter un grand volume d\'eau salée à ébullition. Faire cuire les ravioles jusqu\'à ce qu\'elle remontent à la surface. Les sortir avec une écumoire et servir immédiatement avec de la crème, de la sauce tomate ou tout autre sauce selon ses goûts. On peut varier la forme des ravioles si on ne dispose pas de laminoir ou de plaque à ravioles. Il suffit d\'étaler la pâte très finement, de découper des ronds avec un emporte-pièces, de garnir avec la farce et de plier. La cuisson est la même.','http://img.over-blog-kiwi.com/0/55/39/26/20160703/ob_9546ad_img-7285.jpg'),(25169,'dumpling crevettes','Plat',0.36,4,55,5,'https://www.lidl-recettes.fr/recettes/bouchees-vapeur-a-la-crevette','Poêle, casserolle','ETAPE 1 Décortiquer les crevettes, puis les rincer. Les mixer par à-coups et hacher grossièrement le reste au couteau pour garder des morceaux. ETAPE 2 Dans un bol, mélanger les crevettes avec 1 c-à-s de soja, 1 c-à-s de nuoc mam, 2 c-à-s d’huile, sel et poivre. ETAPE 3 Peler et gratter le gingembre. Ciseler le cœur de la citronnelle puis ajouter le tout à la farce. Mélanger de nouveau et placer au frais. ETAPE 4 Dans un grand bol, verser la farine, le sel et délayer les 10 cl d’eau chaude progressivement. La pâte doit être molle mais pas collante. Huilé et couvrir 5 minutes. ETAPE 5 Diviser la pâte en 4 et former un boudin de 1,5 cm de diamètre. Couper des bouts de pâte tous les 2 cm et former des boules. Entourer le restant de pâte dans un film afin qu’elle ne sèche pas pendant cette opération. ETAPE 6 Sur un plan de travail saupoudré de fécule de pommes de terre, abaisser les boules en disques et les garnir de farce sans toucher les bords. Plier pâte en demi lune, et remplire la moitier d’un cercle deux et former de petits plis. ETAPE 7 Porter de l’eau à ébullition et cuire les raviolis à la vapeur 4 à 5 minutes. ETAPE 8 Mélanger 1 c-à-s de soja, 1 c-à-s de vinaigre de riz, ½ c-à-c de miel et 5 g de gingembre pelé râpé. Servir cette sauce avec les raviolis.','https://i0.wp.com/christinapotvin.com/wp-content/uploads/2021/01/Ha-Kao.jpg?resize=1080%2C675&ssl=1'),(25183,'Nouilles sautées aux crevettes','Plat',0.26,2,15,20,'https://www.amourdecuisine.fr/article-recette-de-nouilles-sautees-aux-crevettes.html','Wok','Plongez les nouilles chinoises dans de l’eau bouillante pendant environ 5 min (ou selon le mode de préparation sur votre paquet), assurez vous qu\'elles sont bien démêlées puis égouttez les. Dans un wok, chauffez un fond d\'huile. ajoutez les crevettes, l\'ail écrasée et un peu de gingembre. Faites sauter les crevettes puis les retirez du wok. Dans le même wok, faites revenir les oignons hachés. Ajoutez ensuite les carottes et les poivrons coupées en lanières et faites sauter, jusqu\'à cuisson. Remettre les crevettes dans le wok, ajoutez par dessus la sauce soja et faites sauter le tout ensemble. Versez dessus les nouilles égouttées, ajoutez un peu de soja. Mélangez le tout bien, laissez cuire quelques minutes et rettirez du feu.','https://assets.afcdn.com/recipe/20190912/98117_w1024h1024c1cx942cy628.jpg'),(25190,'Poulet basquaise','Plat',0.66,2,10,60,'https://www.cuisineaz.com/recettes/poulet-basquaise-facile-42944.aspx','Cocotte','La recette traditionnelle du poulet basquaise commence par la découpe de votre poulet en morceaux. Si vous n’êtes pas à l’aise avec cette technique, vous pouvez également choisir d’acheter directement des cuisses et blancs de poulets prédécoupés. Coupez ensuite les poivrons en deux, épépinez-les en les passant sous l’eau et taillez-les en lanières. Dans un bol à part, écrasez l\'ail et l\'oignon. Pelez les tomates, coupez-les et éliminez les parties dures internes. Préparez une cocotte que vous ferrez chauffer avec 4 c. à soupe d’huile d’olive. Versez-y l’ail, l’oignon et les poivrons et faites-les revenir à feu doux pendant environ 5 min en veillant à mélanger continuellement avec une cuillère en bois. Rajoutez ensuite les tomates et faites cuire à couvert 20 min à feux doux afin que le mélange mijote tranquillement et libère toutes les saveurs propres au poulet basquaise.Pendant ce temps, salez et poivrez les cuisses de poulet et les blancs et faites dorer sur toutes les faces dans une sauteuse avec 2 c. à soupe d\'huile d\'olive. Quand le mélange tomates poivrons est prêt, ajoutez à la préparation les morceaux de volaille et le bouquet garni. Salez et poivrez de nouveau pour accommoder le goût à convenance et laissez cuire 35 min de manière à ce que le poulet prenne la couleur et la saveur des aromates. Enfin, dégustez votre poulet basquaise bien chaud que vous pouvez accompagner d’un riz basmati ou d’un mélange de riz sauvage.','https://www.rustica.fr/images/poulet-basquaise.jpg'),(25218,'Lasagnes aux légumes','Plat',0.31,2,60,35,'https://cuisine.journaldesfemmes.fr/recette/317556-lasagnes-aux-legumes-du-soleil','Four','Faire la sauce tomate. Emincer finement l\'ail et l\'oignon. Les faire revenir dans une casserole avec un peu d\'huile d\'olive. Ajouter un fond de vin blanc. Après 2 minutes de cuisson, ajouter les herbes, puis les tomates concassées et le concentré de tomates. Ajouter 2 cuillères à café de sucre. Saler et poivrer. Laisser mijoter environ 1 heure à feu doux, avec un couvercle. La sauce doit rester assez liquide. Laver les poivrons. Les mettre sous le grill, en les retournant de temps en temps de façon à les faire noircir de tous les côtés. Quand ils sont noircis, les sortir du four et les mettre dans une poche plastique jusqu\'à ce qu\'ils aient refroidi. Une fois froids, les sortir de la poche, les peler et les épépiner. La peau s\'enlèvera alors facilement à l\'aide d\'un petit couteau. Couper la chair des poivrons en lanières. Laver les aubergines. Les couper en petits dés. Peler et couper en dés les courgettes. Dans une sauteuse, faire revenir les aubergines avec quelques cuillères d\'huile d\'olive, jusqu\'à ce qu\'elles soient bien cuites. Saler et poivrer. Dans un plat à gratin, déposer une louche de sauce tomates. Etaler. Déposer les feuilles de lasagnes. Déposer ensuite dessus les aubergines, puis une autre louche de sauce tomates. Couvrir de feuilles de lasagnes. Dans la même sauteuse, faire cuire la viande hachée émiettée jusqu\'à ce qu\'elle soit bien asséchée. Saler et poivrer. Dans le plat, déposer la viande, puis les poivrons en lanières. Couvrir de feuilles de lasagnes. Dans la sauteuse, faire revenir les dés de courgettes avec un peu d\'huile d\'olive. Elles doivent être bien tendres. Les déposer dans le plat à gratin. Recouvrir de la moitié de la sauce tomates restante. Recouvrir de feuilles de lasagnes. Finir en couvrant de la sauce restante puis de fromage râpé. Mettre sous film et laisser reposer 2 heurs ou mieux, une nuit au frais. Enlever le film. Déposer des noisettes de beurre sur le dessus, et enfourner 35 minutes.','https://img-3.journaldesfemmes.fr/44hMzqEAXyRR_bLpVDr5R_UlEMs=/750x500/smart/3ec1d4245d3a4ed388e5b3aa6464e993/recipe-jdf/326683.jpg'),(25416,'Burger au poisson','Plat',0.21,2,20,10,'https://lacuisinedegeraldine.fr/burger-de-poisson-avec-sauce-tartare','Poêle','Commencez par hacher le poisson frais. Placez-le dans un saladier et ajoutez l’oeuf, la chapelure, la ciboulette hachée finement, le zeste d’un demi-citron. Salez et poivrez. Mélangez bien et formez 4 galettes assez épaisses. Dans une poêle, ajoutez un filet d’huile d’olive et faites revenir les galettes de poisson pendant environ 3-5 minutes de chaque côté. Couvrez la poêle avec un couvercle pendant la cuisson. Faites toaster les pains burger. Tartinez chaque côté de sauce tartare. Puis déposez sur la partie basse du pain burger un tranche de salade, 3 rondelles de concombre, la galette de poisson, 1-2 rondelles de tomate, de la roquette et un peu d’aneth. Salez, poivrez et ajoutez quelques piments séchés (facultatif). Puis refermez avec le haut du pain burger.','https://cdn.pratico-pratiques.com/app/uploads/sites/2/2018/08/29104714/burgers-de-poisson.jpeg'),(25464,'Pizza saumon','Entrée',0.37,4,115,20,'https://cuisine.journaldesfemmes.fr/recette/1001386-pizza-au-saumon https://lacuisinedannie.20minutes.fr/recette-pate-a-pizza-234.html','Four','Verser la farine dans un saladier, y creuser un puits et ajouter eau et sel. Mélanger à la spatule en ajoutant l\'huile d\'olive. Dans un petit bol, faire fondre la levure dans un peu d\'eau tiede avec 1 pincée de sucre puis l\'ajouter en dernier. Malaxer jusqu a rendre la pate homogène et faire une boule qui se détache des parois. Note : si besoin ajuster la quantite d\'eau si la pâte est un peu dure en en rajoutant quelques gouttes au fur et a mesure car la quantite exacte depend de la farine :-). Mettre un torchon dessus et laisser reposer à temperature ambiante/tiède pendant 1 h environ, le temps que la pâte double de volume. Petrir à nouveau la pâte juste pour chasser le gaz puis la diviser en 3 patons (d environ 250/260 g), ou 4... selon son utilisation et les étaler sur une plaque de cuisson huilée. Laisser reposer une bonne 1/2 h. Étaler la crème fraîche. Mettre le saumon fumé. Mettre l\'huile d olive sur le saumon. Finir par des petits morceaux de mozzarella. Cuire a 200°C pendant 20 minutes.','https://www.yumelise.fr/wp-content/uploads/2021/06/pizza-saumon-fume-500x500.jpg'),(25475,'baguette jambon œuf crudités','Plat',0.37,1,10,0,'https://fr.frije.com/recipes/157199?dayIdt=&meal=','-','Ecrasez l\'œuf dur avec les 3/4 de la mayonnaise.Fendez le pain et étalez le 1/4 restant. Placez dessus le jambon, le fromage, la salade, les cornichons et les tomates.Terminez par l\'œuf à la mayonnaise.Refermez et dégustez !','https://www.charcuterie-de-l-abbaye.fr/wp-content/uploads/sandwich-jambon-crudite-ardoisse-800px.jpg'),(25476,'baguette poulet crudités','Plat',0.45,1,10,0,'https://www.belfoodservice.be/recettes/sandwich-poulet-crudites-505.php','-','Tailler la baguette dans la longueur et tartiner de fromage fondu, Emincer le blanc de poulet et assaisonner. Composer des couches successives de poulet, rondelles de tomate, concombres, et de salade. Refermer le pain et réserver au frais.','https://www.belfoodservice.fr/data/cache/Recipe/picture/main/2/0/1071.1582627829.jpg'),(25478,'Pizza 4 fromages','Entrée',0.47,4,125,20,'https://cuisine.journaldesfemmes.fr/recette/336231-pizza-quatre-fromages https://lacuisinedannie.20minutes.fr/recette-pate-a-pizza-234.html','Four','Verser la farine dans un saladier, y creuser un puits et ajouter eau et sel. Mélanger à la spatule en ajoutant l\'huile d\'olive. Dans un petit bol, faire fondre la levure dans un peu d\'eau tiède avec 1 pincée de sucre puis l\'ajouter en dernier. Malaxer jusqu\'à rendre la pate homogène et faire une boule qui se détache des parois. Note : si besoin ajuster la quantité d\'eau si la pâte est un peu dure en en rajoutant quelques gouttes au fur et a mesure car la quantité exacte dépend de la farine :-). Mettre un torchon dessus et laisser reposer à temperature ambiante/tiède pendant 1 h environ, le temps que la pâte double de volume. Petrir à nouveau la pâte juste pour chasser le gaz puis la diviser en 3 patons (d environ 250/260 g), ou 4... selon son utilisation et les étaler sur une plaque de cuisson huilée. Laisser reposer une bonne 1/2 h. Versez le coulis de tomate et répartissez-le sur la pâte, en laissant environ 1 cm sans garniture tout autour de la pizza. Coupez les quatre fromages en dés et répartissez-les sur la pizza. Saupoudrez de basilic. Enfournez pendant environ 20 minutes a 170°C (thermostat 5/6).','https://img.cuisineaz.com/660x660/2016/05/13/i87680-pizza-quatre-fromages.jpg'),(25513,'Pan bagnat','Plat',0.31,1,75,0,'https://www.cuisinenicoise.fr/pan-bagnat/','-','Laver soigneusement les légumes, Détailler le poivron vert, le celeri Couper les radis en rondelles Peler les fevettes Emincer les oignons cebettes Couper l’oeuf dur en fines rondelles rincer le filet d’anchois et les olives noires Emincer finement les artichauts Monder les tomates, enlever les graines. Couper en fines rondelles, Partager le pain en deux dans l’épaisseur, enlever un peu de la mie interieure. Imbiber largement d’huile d’olive sel poivre. Disposer dessus les rondelles de tomates, tous les légumes et les oeufs. Puis le basilic, les olives, les anchois. Assaisonner sel poivre, huiler largement. Puis refermer avec le couvercle de pain et garder au frais au moins une heure','https://img.cuisineaz.com/660x660/2021/06/24/i179312-shutterstock-332331896-min.jpeg'),(25520,'baguette saucisson','Plat',0.48,1,10,0,'https://madame.lefigaro.fr/recettes/sandwich-gourmand-saucisson-270109-201724','-','Ouvrez les baguettes sans les détacher complètement, puis coupez-les en deux dans le sens de la largeur.\nBeurrez une partie de chaque demi-baguette.\nDisposez harmonieusement les tranches de saucisson, et selon la saison quelques noisettes concassées, feuilles de salade et/ou tranches de pommes.','https://www.breadsparadise.com/wp-content/uploads/Sandwich-Saucisson-cornichon.jpg'),(25529,'Tarte à l\'oignon','Plat',0.43,4,40,40,'https://cuisine.journaldesfemmes.fr/recette/332929-tarte-a-l-oignon-en-direct-d-alsace','Four','Pâte brisée : dans un saladier, travaillez le beurre mou avec la farine en \"brisant\"\" les morceaux de beurre. Dès que celui-ci est bien incorporé, ajoutez de l\'eau de façon à former une boule. Filmez et placez au frigo quelques heures. Garniture à l\'oignon : pelez, émincez les oignons finement sur une planche à découper avec un couteau bien aiguisé. Faites fondre un beau morceau de beurre dans une poêle, versez-y les oignons et faites-les revenir pendant environ 10 minutes. Attention : ils ne doivent pas colorer. Laissez-les ensuite tiédir. Préchauffez le four à 180°C (thermostat 6). Sur un plan de travail fariné, étalez la pâte pas trop finement, foncez-en un moule à tarte beurré. Disposez les oignons revenus sur la pâte en les répartissant bien. Dans un bol, fouettez la crème, le lait, la farine et les jaunes d\'œufs avec sel et poivre et un peu de muscade. Versez cet appareil sur les oignons. Enfournez la tarte pendant 30 minutes à 180°C, puis encore 10 minutes à 200°C (thermostat 7) : la tarte doit être dorée. \"','https://yummix.fr/wp-content/uploads/2019/09/tarte-oignon.jpg'),(25532,'baguette œuf crudités','Plat',0.3,1,15,10,'https://www.cuisineactuelle.fr/recettes/sandwich-crudites-et-aeufs-durs-205757','Casserole','Faites bouillir les œufs 10 min. Passez-les sous l’eau froide et écalez-les. Lorsqu’ils sont froids, coupez-les en rondelles. Rincez les concombres et coupez-les en rondelles. Epluchez l’oignon et coupez-le en rondelles fines. Rincez la salade et essorez-la. Etalez sur 4 tranches de pain de mie une couche de fromage bien poivrée, ajoutez de la salade, de l’oignon, des œufs durs et du concombre. Terminez par une tranche de pain tartinée de fromage. Réservez au frais jusqu’au moment de servir. ','https://www.la-minute-gourmande.com/boutique/42-large_default/l-oeuf-crudites.jpg'),(25535,'baguette merguez','Plat',0.48,1,15,20,'https://www.lidl-recettes.fr/recettes/sandwich-merguez-grillees-et-petits-legumes','Four, barbecue','Faire griller les oignons 5 min au four, Griller les merguez au barbecue. Inciser dans la longueur les baguettes Étaler 1 c-à-s de sauce barbecue par sandwich puis les garnir d\'oignons et de merguez.\nRégalez-vous !','https://www.editions-burda.fr/Content/Images/Recipes/backs/3523.jpg'),(25546,'fromage pané au jambon','Entrée',0.53,3,10,10,'https://www.cooking-chef.fr/espace-recettes/soupes-salades-et-entrees/roules-jambon-fromage-pane','Poêle','Déposer une tranche de fromage dans chaque tranche de jambon. Rouler. Rouler chaque tranche dans les œufs battus et puis dans la chapelure. Faire dorer dans l\'huile bien chaude.','https://www.toutesrecettes.com/wp-content/uploads/2019/05/Roules-de-jambon-panes-au-fromage-de-chevre.jpg'),(25550,'Flammekueche','Plat',0.39,6,10,15,'https://cuisine.journaldesfemmes.fr/recette/316322-flammekueche','Four','Mélanger la crème et le fromage blanc. Assaisonner avec du sel et du poivre. Couper les oignons très finement et les faire précuire quelques minutes au micro-ondes. Répartir la pâte en 4. Sur une plaque de four, étaler très finement la pâte à pizza puis recouvrir le fond avec le mélange crème-fromage blanc. Préchauffer le four à fond, parsemer d\'oignons et de lardons. Faire cuire pendant 10 à 15 minutes. La crème doit à peine commencer à roussir et la pâte commencer à griller sur les bords. ','https://www.ptitchef.com/imgupl/recipe/flammekueche-tarte-flambee-alsacienne--452877p701348.jpg'),(26272,'Pizza au poulet','Plat',0.43,3,10,30,'https://www.cuisineaz.com/recettes/pizza-au-poulet-et-fromage-79961.aspx','Four','Préchauffez le four à 210°C. Etalez la pâte à pizza sur une plaque de four recouverte de papier sulfurisé. Etalez dessus le concentré de tomate. Coupez les blancs de poulet en morceaux. Placez-les sur le concentré de tomate. Epluchez et coupez les oignons rouges en petits morceaux. Nettoyez, épépinez et coupez en rondelles le piment vert. Placez les oignons rouges puis le gruyère râpé et le piment vert sur la pizza. Versez dessus un filet d\'huile d\'olive puis salez et poivrez. Enfournez pendant 30 minutes.','https://d1e3z2jco40k3v.cloudfront.net/-/media/mcch2017/recipes/800/pizza_au_poulet_800.jpg?rev=3968120198594e40a9871d38a83ba85f&vd=20200615T155246Z&hash=83B695F68016E2E83D837C2FF32E6FEC'),(39236,'Pain perdu','Dessert',0.27,2,5,3,'https://cuisine.journaldesfemmes.fr/recette/304809-pain-perdu-tout-bete','Poêle','Battez grossièrement les deux oeufs avec le lait et le sucre dans une assiette creuse. Coupez les toasts en deux dans le sens de la diagonale. Trempez rapidement les demi-toasts dans le mélange ainsi obtenu (si vous les laissez trop longtemps, ils risquent de s\'émietter). Saisissez-les sur votre plus grande poêle dans laquelle vous aurez placé une noix de beurre, 1 mn environ de chaque coté. Servez, la première fournée est prête, enchainez avec la suivante. ','https://www.ptitchef.com/imgupl/recipe/comment-faire-du-pain-perdu--451848p729752.jpg');

UNLOCK TABLES;




--
-- Table structure for table `compositions`
--

DROP TABLE IF EXISTS `compositions`;

CREATE TABLE `compositions` (
  `quantite` int DEFAULT NULL,
  `poid` int DEFAULT NULL,
  `id_ingredient` int NOT NULL,
  `id_recette` int NOT NULL,
  PRIMARY KEY (`id_ingredient`,`id_recette`),
  KEY `id_recette` (`id_recette`),
  CONSTRAINT `compositions_ibfk_1` FOREIGN KEY (`id_ingredient`) REFERENCES `ingredients` (`id`) ON DELETE CASCADE ON UPDATE CASCADE,
  CONSTRAINT `compositions_ibfk_2` FOREIGN KEY (`id_recette`) REFERENCES `recettes` (`id`) ON DELETE CASCADE ON UPDATE CASCADE
) ENGINE=InnoDB DEFAULT CHARSET=utf8mb4 COLLATE=utf8mb4_0900_ai_ci;


LOCK TABLES `compositions` WRITE;

INSERT INTO `compositions` VALUES (2,NULL,1,23499),(2,NULL,1,25529),(1,NULL,2,25183),(NULL,2,4,2),(1,NULL,4,25183),(NULL,30,4,25464),(1,NULL,4,25475),(1,NULL,4,25513),(1,NULL,4,25532),(1,NULL,4,25535),(1,NULL,4,26272),(NULL,50,5,7650),(NULL,50,5,24664),(NULL,20,6,1),(NULL,20,6,3),(NULL,175,6,4),(NULL,50,6,7650),(NULL,2,6,22502),(1,NULL,6,22505),(NULL,10,6,22506),(NULL,20,6,22509),(NULL,25,6,23494),(NULL,50,6,23499),(NULL,75,6,24664),(NULL,15,6,25020),(NULL,8,6,25073),(NULL,20,6,25520),(NULL,125,6,25529),(1,NULL,6,25535),(4,NULL,7,24664),(1,NULL,7,25546),(NULL,150,8,2),(NULL,200,8,3),(NULL,350,8,4),(NULL,102,8,23499),(NULL,50,8,24664),(NULL,15,8,25020),(NULL,13,8,25073),(NULL,400,8,25169),(NULL,500,8,25464),(NULL,250,8,25529),(1,NULL,11,25513),(1,NULL,12,3),(NULL,1,12,4),(1,NULL,12,22502),(1,NULL,12,22505),(1,NULL,12,22509),(1,NULL,12,23801),(1,NULL,12,24664),(1,NULL,12,25073),(1,NULL,12,25135),(1,NULL,12,25169),(1,NULL,12,25183),(1,NULL,12,25416),(1,NULL,12,25464),(1,NULL,12,25475),(1,NULL,12,25476),(1,NULL,12,25513),(1,NULL,12,25529),(1,NULL,12,25532),(1,NULL,12,25535),(1,NULL,12,25550),(1,NULL,12,26272),(NULL,200,14,13038),(1,NULL,15,2),(3,NULL,15,3),(4,NULL,15,4),(1,NULL,15,7650),(2,NULL,15,22502),(2,NULL,15,22505),(3,NULL,15,22506),(3,NULL,15,22507),(3,NULL,15,22509),(1,NULL,15,23801),(1,NULL,15,25020),(1,NULL,15,25088),(1,NULL,15,25135),(1,NULL,15,25416),(1,NULL,15,25475),(1,NULL,15,25513),(1,NULL,15,25532),(2,NULL,16,25475),(NULL,200,16,25550),(2,NULL,17,1),(NULL,500,18,23494),(1,NULL,19,25183),(1,NULL,21,25088),(0,NULL,21,25135),(1,NULL,21,25183),(2,NULL,21,25513),(NULL,600,21,25529),(0,NULL,21,25532),(1,NULL,21,25535),(1,NULL,21,25550),(1,NULL,21,26272),(NULL,15,24,23499),(NULL,10,24,25020),(NULL,5,24,25073),(NULL,13,24,25135),(NULL,8,25,25088),(NULL,3,26,1),(1,NULL,27,9816),(1,NULL,27,13038),(NULL,2,27,23499),(1,NULL,27,24664),(NULL,2,31,25169),(NULL,5,31,25183),(1,NULL,32,25416),(1,NULL,32,25475),(1,NULL,32,25476),(3,NULL,32,25513),(1,NULL,34,22502),(1,NULL,34,22505),(1,NULL,34,22507),(1,NULL,34,22509),(1,NULL,34,25073),(1,NULL,34,25135),(1,NULL,34,25169),(1,NULL,34,25416),(1,NULL,34,25475),(1,NULL,34,25476),(1,NULL,34,25513),(1,NULL,34,25529),(1,NULL,34,25532),(1,NULL,34,25535),(1,NULL,34,25550),(1,NULL,34,26272),(1,NULL,36,22509),(1,NULL,43,22509),(1,NULL,49,25476),(1,NULL,49,25532),(NULL,10,55,25073),(1,NULL,56,23494),(NULL,125,56,25135),(NULL,125,56,25183),(NULL,400,56,25550),(NULL,150,56,26272),(NULL,1,68,2),(1,NULL,68,4),(NULL,20,68,25464),(1,NULL,70,23801),(NULL,330,73,25073),(2,NULL,75,25475),(1,NULL,75,25476),(NULL,250,75,26272),(NULL,100,78,22507),(2,NULL,78,25073),(NULL,19,78,25088),(3,NULL,78,25546),(NULL,150,78,25550),(NULL,11,79,25088),(NULL,50,80,25088),(3,NULL,85,25546),(NULL,50,87,22506),(NULL,38,87,25020),(NULL,75,87,26272),(2,NULL,89,25416),(1,NULL,89,25476),(1,NULL,89,25513),(1,NULL,89,25520),(1,NULL,89,25532),(NULL,200,90,15013),(1,NULL,92,25513),(NULL,10,96,25169),(1,NULL,96,25183),(NULL,300,98,25169),(NULL,100,98,25183),(NULL,20,101,2),(NULL,25,101,3),(NULL,2,102,2),(NULL,30,102,3),(NULL,50,102,4),(NULL,63,102,7650),(NULL,500,102,9816),(NULL,38,102,13038),(NULL,130,102,15013),(NULL,50,102,23494),(NULL,50,102,23499),(NULL,150,102,24664),(1,NULL,106,23801),(2,NULL,114,25535),(NULL,20,115,26272),(4,NULL,117,25464),(NULL,100,126,9816),(NULL,15,126,25529),(2,NULL,138,25416),(NULL,10,140,22506),(1,NULL,140,22507),(1,NULL,140,22509),(3,NULL,140,25416),(1,NULL,142,25513),(1,NULL,145,25416),(1,NULL,151,25020),(1,NULL,151,25529),(1,NULL,164,25464),(6,NULL,168,25416),(1,NULL,168,25476),(1,NULL,168,25532),(1,NULL,181,25416),(NULL,200,191,25416),(2,NULL,199,25475),(NULL,3,211,4),(1,3,211,7650),(NULL,3,211,13038),(NULL,10,211,15013),(NULL,3,211,23499),(1,NULL,211,23801),(NULL,10,211,25169),(NULL,25,211,25464),(1,NULL,211,25529),(0,NULL,212,25183),(0,NULL,213,25183),(NULL,63,214,25135),(NULL,50,215,25546),(NULL,2,216,25169),(NULL,2,217,25169),(1,NULL,218,25475),(0,NULL,218,25476),(1,NULL,218,25513),(1,NULL,218,25520),(1,NULL,218,25532),(1,NULL,218,25535),(4,NULL,219,25520),(NULL,3,220,1),(1,NULL,220,25520),(1,NULL,221,25475);

UNLOCK TABLES;




DROP TABLE IF EXISTS `notations`;

CREATE TABLE `notations` (
  `note` int DEFAULT NULL,
  `id_recette` int NOT NULL,
  `id_user` int NOT NULL,
  PRIMARY KEY (`id_recette`,`id_user`),
  KEY `id_user` (`id_user`),
  CONSTRAINT `notations_ibfk_1` FOREIGN KEY (`id_recette`) REFERENCES `recettes` (`id`) ON DELETE CASCADE ON UPDATE CASCADE,
  CONSTRAINT `notations_ibfk_2` FOREIGN KEY (`id_user`) REFERENCES `users` (`id`) ON DELETE CASCADE ON UPDATE CASCADE
) ENGINE=InnoDB DEFAULT CHARSET=utf8mb4 COLLATE=utf8mb4_0900_ai_ci;


LOCK TABLES `notations` WRITE;

UNLOCK TABLES;








